"","yearmon","cleaned_county","positive2","New_Cases"
"1","2020-04","arkansas_county",2,1
"2","2020-04","ashley",15,2
"3","2020-04","baxter",5,1
"4","2020-04","benton",101,7
"5","2020-04","boone",5,1
"6","2020-04","bradley",12,1
"7","2020-04","calhoun",0,0
"8","2020-04","carroll",5,1
"9","2020-04","chicot",9,1
"10","2020-04","clark",30,3
"11","2020-04","clay",3,1
"12","2020-04","cleburne",73,1
"13","2020-04","cleveland",11,1
"14","2020-04","columbia",12,6
"15","2020-04","conway",13,1
"16","2020-04","craighead",74,1
"17","2020-04","crawford",4,1
"18","2020-04","crittenden",184,4
"19","2020-04","cross",17,1
"20","2020-04","dallas",1,0
"21","2020-04","desha",16,6
"22","2020-04","drew",16,2
"23","2020-04","faulkner",76,1
"24","2020-04","franklin",2,2
"25","2020-04","fulton",1,1
"26","2020-04","garland",116,1
"27","2020-04","grant",14,1
"28","2020-04","greene",16,2
"29","2020-04","hempstead",6,1
"30","2020-04","hotspring",18,2
"31","2020-04","howard",14,2
"32","2020-04","independence",9,1
"33","2020-04","izard",5,2
"34","2020-04","jackson",1,1
"35","2020-04","jefferson",169,1
"36","2020-04","johnson",30,1
"37","2020-04","lafayette",7,1
"38","2020-04","lawrence",49,3
"39","2020-04","lee",3,1
"40","2020-04","lincoln",814,58
"41","2020-04","little_river",0,0
"42","2020-04","logan",3,1
"43","2020-04","lonoke",41,1
"44","2020-04","madison",1,0
"45","2020-04","marion",1,1
"46","2020-04","miller",34,1
"47","2020-04","mississippi",16,1
"48","2020-04","monroe",4,1
"49","2020-04","montgomery",1,2
"50","2020-04","nevada",1,0
"51","2020-04","newton",3,1
"52","2020-04","ouachita",6,1
"53","2020-04","perry",7,1
"54","2020-04","phillips",5,1
"55","2020-04","pike",3,1
"56","2020-04","poinsett",21,2
"57","2020-04","poinsette",7,1
"58","2020-04","polk",8,1
"59","2020-04","pope",43,1
"60","2020-04","prairie",2,0
"61","2020-04","pulaski",515,15
"62","2020-04","randolph",17,1
"63","2020-04","saline",67,8
"64","2020-04","scott",1,0
"65","2020-04","searcy",6,0
"66","2020-04","sebastian",13,1
"67","2020-04","sevier",11,1
"68","2020-04","sharp",6,4
"69","2020-04","st.francis",83,1
"70","2020-04","stone",7,0
"71","2020-04","union",45,1
"72","2020-04","van_buren",28,1
"73","2020-04","washington",86,2
"74","2020-04","white",34,1
"75","2020-04","woodruff",1,0
"76","2020-04","yell",3,1
"77","2020-05","arkansas_county",6,1
"78","2020-05","ashley",19,1
"79","2020-05","baxter",12,1
"80","2020-05","benton",578,71
"81","2020-05","boone",6,1
"82","2020-05","bradley",22,4
"83","2020-05","calhoun",0,0
"84","2020-05","carroll",24,3
"85","2020-05","chicot",15,1
"86","2020-05","clark",39,1
"87","2020-05","clay",4,2
"88","2020-05","cleburne",73,1
"89","2020-05","cleveland",19,1
"90","2020-05","columbia",25,4
"91","2020-05","conway",14,1
"92","2020-05","craighead",220,8
"93","2020-05","crawford",29,5
"94","2020-05","crittenden",380,13
"95","2020-05","cross",52,1
"96","2020-05","dallas",1,0
"97","2020-05","desha",19,1
"98","2020-05","drew",20,1
"99","2020-05","faulkner",102,1
"100","2020-05","franklin",4,2
"101","2020-05","fulton",7,1
"102","2020-05","garland",136,1
"103","2020-05","grant",18,1
"104","2020-05","greene",64,1
"105","2020-05","hempstead",18,2
"106","2020-05","hotspring",32,1
"107","2020-05","howard",21,1
"108","2020-05","independence",31,1
"109","2020-05","izard",16,1
"110","2020-05","jackson",3,2
"111","2020-05","jefferson",521,4
"112","2020-05","johnson",43,1
"113","2020-05","lafayette",9,1
"114","2020-05","lawrence",84,2
"115","2020-05","lee",20,1
"116","2020-05","lincoln",982,4
"117","2020-05","little_river",6,1
"118","2020-05","logan",6,1
"119","2020-05","lonoke",48,1
"120","2020-05","madison",23,1
"121","2020-05","marion",2,1
"122","2020-05","miller",44,1
"123","2020-05","mississippi",75,2
"124","2020-05","monroe",5,0
"125","2020-05","montgomery",2,1
"126","2020-05","nevada",6,1
"127","2020-05","newton",3,0
"128","2020-05","ouachita",10,1
"129","2020-05","perry",14,1
"130","2020-05","phillips",21,1
"131","2020-05","pike",5,1
"132","2020-05","poinsett",33,2
"133","2020-05","polk",19,2
"134","2020-05","pope",148,6
"135","2020-05","prairie",2,0
"136","2020-05","pulaski",888,12
"137","2020-05","randolph",26,1
"138","2020-05","saline",112,2
"139","2020-05","scott",1,0
"140","2020-05","searcy",7,1
"141","2020-05","sebastian",40,2
"142","2020-05","sevier",210,40
"143","2020-05","sharp",46,1
"144","2020-05","st.francis",672,8
"145","2020-05","stone",9,1
"146","2020-05","union",173,2
"147","2020-05","van_buren",28,0
"148","2020-05","washington",509,57
"149","2020-05","white",44,1
"150","2020-05","woodruff",2,1
"151","2020-05","yell",141,4
"152","2020-06","arkansas_county",28,2
"153","2020-06","ashley",71,1
"154","2020-06","baxter",20,2
"155","2020-06","benton",2723,44
"156","2020-06","boone",26,4
"157","2020-06","bradley",52,1
"158","2020-06","calhoun",0,0
"159","2020-06","carroll",169,3
"160","2020-06","chicot",134,5
"161","2020-06","clark",56,1
"162","2020-06","clay",54,2
"163","2020-06","cleburne",85,1
"164","2020-06","cleveland",25,3
"165","2020-06","columbia",84,10
"166","2020-06","conway",55,7
"167","2020-06","craighead",451,4
"168","2020-06","crawford",159,4
"169","2020-06","crittenden",746,9
"170","2020-06","cross",85,1
"171","2020-06","dallas",10,1
"172","2020-06","desha",47,2
"173","2020-06","drew",65,1
"174","2020-06","faulkner",477,24
"175","2020-06","franklin",21,3
"176","2020-06","fulton",12,2
"177","2020-06","garland",248,8
"178","2020-06","grant",40,6
"179","2020-06","greene",114,2
"180","2020-06","hempstead",50,2
"181","2020-06","hotspring",428,5
"182","2020-06","howard",89,3
"183","2020-06","independence",55,1
"184","2020-06","izard",20,1
"185","2020-06","jackson",27,1
"186","2020-06","jefferson",700,7
"187","2020-06","johnson",227,16
"188","2020-06","lafayette",18,2
"189","2020-06","lawrence",99,1
"190","2020-06","lee",651,10
"191","2020-06","lincoln",1038,1
"192","2020-06","little_river",38,1
"193","2020-06","logan",46,3
"194","2020-06","lonoke",138,4
"195","2020-06","madison",192,2
"196","2020-06","marion",6,2
"197","2020-06","miller",114,3
"198","2020-06","mississippi",168,7
"199","2020-06","monroe",12,2
"200","2020-06","montgomery",4,2
"201","2020-06","nevada",101,6
"202","2020-06","newton",5,1
"203","2020-06","ouachita",21,2
"204","2020-06","perry",29,2
"205","2020-06","phillips",142,2
"206","2020-06","pike",8,1
"207","2020-06","poinsett",58,1
"208","2020-06","polk",74,2
"209","2020-06","pope",433,17
"210","2020-06","prairie",20,1
"211","2020-06","pulaski",2036,120
"212","2020-06","randolph",48,1
"213","2020-06","saline",275,14
"214","2020-06","scott",11,1
"215","2020-06","searcy",7,0
"216","2020-06","sebastian",468,11
"217","2020-06","sevier",700,7
"218","2020-06","sharp",53,1
"219","2020-06","st.francis",812,1
"220","2020-06","stone",14,1
"221","2020-06","union",248,1
"222","2020-06","van_buren",35,1
"223","2020-06","washington",3578,161
"224","2020-06","white",86,1
"225","2020-06","woodruff",6,2
"226","2020-06","yell",616,25
"227","2020-07","arkansas_county",189,6
"228","2020-07","ashley",230,16
"229","2020-07","baxter",62,1
"230","2020-07","benton",4458,50
"231","2020-07","boone",157,15
"232","2020-07","bradley",138,4
"233","2020-07","calhoun",12,2
"234","2020-07","carroll",331,3
"235","2020-07","chicot",506,8
"236","2020-07","clark",153,5
"237","2020-07","clay",104,3
"238","2020-07","cleburne",178,3
"239","2020-07","cleveland",63,1
"240","2020-07","columbia",184,6
"241","2020-07","conway",134,1
"242","2020-07","craighead",1088,26
"243","2020-07","crawford",514,19
"244","2020-07","crittenden",1172,37
"245","2020-07","cross",157,1
"246","2020-07","dallas",56,1
"247","2020-07","desha",142,4
"248","2020-07","drew",155,3
"249","2020-07","faulkner",1175,17
"250","2020-07","franklin",104,3
"251","2020-07","fulton",27,1
"252","2020-07","garland",814,28
"253","2020-07","grant",124,2
"254","2020-07","greene",293,13
"255","2020-07","hempstead",200,8
"256","2020-07","hotspring",1436,7
"257","2020-07","howard",291,4
"258","2020-07","independence",331,32
"259","2020-07","izard",43,5
"260","2020-07","jackson",57,1
"261","2020-07","jefferson",1293,23
"262","2020-07","johnson",612,6
"263","2020-07","lafayette",48,1
"264","2020-07","lawrence",179,6
"265","2020-07","lee",882,3
"266","2020-07","lincoln",1165,4
"267","2020-07","little_river",149,4
"268","2020-07","logan",139,5
"269","2020-07","lonoke",405,12
"270","2020-07","madison",253,7
"271","2020-07","marion",23,1
"272","2020-07","miller",451,9
"273","2020-07","mississippi",677,29
"274","2020-07","monroe",49,1
"275","2020-07","montgomery",25,1
"276","2020-07","nevada",129,1
"277","2020-07","newton",91,2
"278","2020-07","ouachita",75,1
"279","2020-07","perry",49,1
"280","2020-07","phillips",270,5
"281","2020-07","pike",77,8
"282","2020-07","poinsett",151,10
"283","2020-07","polk",125,1
"284","2020-07","pope",1161,11
"285","2020-07","prairie",59,2
"286","2020-07","pulaski",4733,79
"287","2020-07","randolph",164,9
"288","2020-07","saline",855,28
"289","2020-07","scott",41,6
"290","2020-07","searcy",25,2
"291","2020-07","sebastian",1689,88
"292","2020-07","sevier",929,2
"293","2020-07","sharp",99,2
"294","2020-07","st.francis",1112,8
"295","2020-07","stone",52,2
"296","2020-07","union",428,32
"297","2020-07","van_buren",50,1
"298","2020-07","washington",5896,41
"299","2020-07","white",250,7
"300","2020-07","woodruff",18,2
"301","2020-07","yell",1004,13
"302","2020-08","arkansas_county",283,1
"303","2020-08","ashley",388,1
"304","2020-08","baxter",138,1
"305","2020-08","benton",5364,30
"306","2020-08","boone",365,9
"307","2020-08","bradley",295,6
"308","2020-08","calhoun",24,1
"309","2020-08","carroll",469,4
"310","2020-08","chicot",962,4
"311","2020-08","clark",233,4
"312","2020-08","clay",182,2
"313","2020-08","cleburne",259,1
"314","2020-08","cleveland",136,1
"315","2020-08","columbia",295,2
"316","2020-08","conway",206,4
"317","2020-08","craighead",1869,18
"318","2020-08","crawford",921,5
"319","2020-08","crittenden",1643,2
"320","2020-08","cross",279,4
"321","2020-08","dallas",127,12
"322","2020-08","desha",243,4
"323","2020-08","drew",304,1
"324","2020-08","faulkner",1693,14
"325","2020-08","franklin",166,4
"326","2020-08","fulton",70,1
"327","2020-08","garland",1428,21
"328","2020-08","grant",192,9
"329","2020-08","greene",634,2
"330","2020-08","hempstead",330,1
"331","2020-08","hotspring",1717,4
"332","2020-08","howard",425,2
"333","2020-08","independence",765,5
"334","2020-08","izard",102,4
"335","2020-08","jackson",183,1
"336","2020-08","jefferson",2104,13
"337","2020-08","johnson",765,11
"338","2020-08","lafayette",68,2
"339","2020-08","lawrence",249,1
"340","2020-08","lee",1003,1
"341","2020-08","lincoln",1604,4
"342","2020-08","little_river",281,3
"343","2020-08","logan",365,1
"344","2020-08","lonoke",726,9
"345","2020-08","madison",296,1
"346","2020-08","marion",45,1
"347","2020-08","miller",602,1
"348","2020-08","mississippi",1349,4
"349","2020-08","monroe",94,2
"350","2020-08","montgomery",101,5
"351","2020-08","nevada",162,1
"352","2020-08","newton",120,3
"353","2020-08","ouachita",158,1
"354","2020-08","perry",63,1
"355","2020-08","phillips",405,1
"356","2020-08","pike",176,2
"357","2020-08","poinsett",489,3
"358","2020-08","polk",224,1
"359","2020-08","pope",1774,42
"360","2020-08","prairie",115,1
"361","2020-08","pulaski",7072,48
"362","2020-08","randolph",311,2
"363","2020-08","saline",1576,9
"364","2020-08","scott",86,2
"365","2020-08","searcy",100,5
"366","2020-08","sebastian",2877,15
"367","2020-08","sevier",1157,4
"368","2020-08","sharp",149,4
"369","2020-08","st.francis",1345,1
"370","2020-08","stone",194,3
"371","2020-08","union",691,1
"372","2020-08","van_buren",118,2
"373","2020-08","washington",6900,17
"374","2020-08","white",528,4
"375","2020-08","woodruff",27,1
"376","2020-08","yell",1162,19
"377","2020-09","arkansas_county",426,9
"378","2020-09","ashley",436,1
"379","2020-09","baxter",366,9
"380","2020-09","benton",6699,64
"381","2020-09","boone",752,16
"382","2020-09","bradley",342,2
"383","2020-09","calhoun",36,1
"384","2020-09","carroll",710,22
"385","2020-09","chicot",1007,1
"386","2020-09","clark",357,7
"387","2020-09","clay",314,10
"388","2020-09","cleburne",338,4
"389","2020-09","cleveland",186,1
"390","2020-09","columbia",500,20
"391","2020-09","conway",273,1
"392","2020-09","craighead",3076,61
"393","2020-09","crawford",1465,29
"394","2020-09","crittenden",1970,11
"395","2020-09","cross",453,7
"396","2020-09","dallas",166,3
"397","2020-09","desha",300,3
"398","2020-09","drew",359,2
"399","2020-09","faulkner",2566,35
"400","2020-09","franklin",293,7
"401","2020-09","fulton",177,8
"402","2020-09","garland",1949,19
"403","2020-09","grant",272,1
"404","2020-09","greene",909,15
"405","2020-09","hempstead",382,6
"406","2020-09","hotspring",1921,4
"407","2020-09","howard",485,3
"408","2020-09","independence",1148,32
"409","2020-09","izard",253,1
"410","2020-09","jackson",359,24
"411","2020-09","jefferson",3393,24
"412","2020-09","johnson",859,6
"413","2020-09","lafayette",117,3
"414","2020-09","lawrence",461,12
"415","2020-09","lee",1065,2
"416","2020-09","lincoln",2025,5
"417","2020-09","little_river",362,3
"418","2020-09","logan",421,6
"419","2020-09","lonoke",1230,20
"420","2020-09","madison",365,8
"421","2020-09","marion",102,3
"422","2020-09","miller",857,16
"423","2020-09","mississippi",1708,14
"424","2020-09","monroe",135,1
"425","2020-09","montgomery",155,1
"426","2020-09","nevada",224,1
"427","2020-09","newton",248,4
"428","2020-09","ouachita",269,5
"429","2020-09","perry",89,1
"430","2020-09","phillips",515,6
"431","2020-09","pike",234,3
"432","2020-09","poinsett",675,12
"433","2020-09","polk",268,2
"434","2020-09","pope",2166,13
"435","2020-09","prairie",154,4
"436","2020-09","pulaski",9509,87
"437","2020-09","randolph",442,12
"438","2020-09","saline",2130,14
"439","2020-09","scott",106,5
"440","2020-09","searcy",148,2
"441","2020-09","sebastian",3812,33
"442","2020-09","sevier",1207,1
"443","2020-09","sharp",239,11
"444","2020-09","st.francis",1542,23
"445","2020-09","stone",365,4
"446","2020-09","union",911,10
"447","2020-09","van_buren",176,2
"448","2020-09","washington",9645,96
"449","2020-09","white",898,32
"450","2020-09","woodruff",55,1
"451","2020-09","yell",1259,1
"452","2020-10","arkansas",606,-98991
"453","2020-10","arkansas_county",709,9
"454","2020-10","ashley",563,4
"455","2020-10","baxter",749,37
"456","2020-10","benton",8509,68
"457","2020-10","boone",1088,12
"458","2020-10","bradley",373,2
"459","2020-10","calhoun",57,3
"460","2020-10","carroll",1039,11
"461","2020-10","chicot",1055,1
"462","2020-10","clark",520,9
"463","2020-10","clay",510,11
"464","2020-10","cleburne",475,5
"465","2020-10","cleveland",254,5
"466","2020-10","columbia",745,14
"467","2020-10","conway",359,6
"468","2020-10","craighead",4821,122
"469","2020-10","crawford",2148,29
"470","2020-10","crittenden",2513,46
"471","2020-10","cross",612,9
"472","2020-10","dallas",181,1
"473","2020-10","desha",424,3
"474","2020-10","drew",440,5
"475","2020-10","faulkner",3500,34
"476","2020-10","franklin",569,18
"477","2020-10","fulton",343,7
"478","2020-10","garland",2620,15
"479","2020-10","grant",379,4
"480","2020-10","greene",1628,33
"481","2020-10","hempstead",584,5
"482","2020-10","hotspring",2275,30
"483","2020-10","howard",617,5
"484","2020-10","independence",1493,13
"485","2020-10","izard",621,2
"486","2020-10","jackson",899,87
"487","2020-10","jefferson",4289,19
"488","2020-10","johnson",1055,7
"489","2020-10","lafayette",192,2
"490","2020-10","lawrence",873,14
"491","2020-10","lee",1113,2
"492","2020-10","lincoln",2335,2
"493","2020-10","little_river",478,2
"494","2020-10","logan",611,8
"495","2020-10","lonoke",1865,25
"496","2020-10","madison",442,8
"497","2020-10","marion",176,7
"498","2020-10","miller",1583,51
"499","2020-10","mississippi",2391,40
"500","2020-10","monroe",227,7
"501","2020-10","montgomery",186,2
"502","2020-10","nevada",331,7
"503","2020-10","newton",322,3
"504","2020-10","ouachita",395,1
"505","2020-10","perry",150,5
"506","2020-10","phillips",777,5
"507","2020-10","pike",274,4
"508","2020-10","poinsett",1166,17
"509","2020-10","polk",370,5
"510","2020-10","pope",2811,11
"511","2020-10","prairie",240,1
"512","2020-10","pulaski",12350,107
"513","2020-10","randolph",686,12
"514","2020-10","saline",3014,49
"515","2020-10","scott",232,4
"516","2020-10","searcy",208,3
"517","2020-10","sebastian",5045,73
"518","2020-10","sevier",1394,15
"519","2020-10","sharp",379,2
"520","2020-10","st.francis",1785,6
"521","2020-10","stone",408,3
"522","2020-10","union",1161,11
"523","2020-10","van_buren",215,2
"524","2020-10","washington",11804,87
"525","2020-10","white",1580,29
"526","2020-10","woodruff",131,3
"527","2020-10","yell",1363,9
"528","2020-11","arkansas_county",960,1
"529","2020-11","ashley",860,5
"530","2020-11","baxter",1416,10
"531","2020-11","benton",12091,90
"532","2020-11","boone",1793,25
"533","2020-11","bradley",504,9
"534","2020-11","calhoun",150,3
"535","2020-11","carroll",1433,16
"536","2020-11","chicot",1191,5
"537","2020-11","clark",838,30
"538","2020-11","clay",890,16
"539","2020-11","cleburne",734,6
"540","2020-11","cleveland",362,1
"541","2020-11","columbia",1100,7
"542","2020-11","conway",682,8
"543","2020-11","craighead",7172,106
"544","2020-11","crawford",3081,15
"545","2020-11","crittenden",3271,17
"546","2020-11","cross",864,12
"547","2020-11","dallas",302,2
"548","2020-11","desha",564,5
"549","2020-11","drew",743,11
"550","2020-11","faulkner",4832,57
"551","2020-11","franklin",799,4
"552","2020-11","fulton",549,1
"553","2020-11","garland",3872,63
"554","2020-11","grant",609,7
"555","2020-11","greene",2953,45
"556","2020-11","hempstead",866,18
"557","2020-11","hotspring",2948,23
"558","2020-11","howard",814,13
"559","2020-11","independence",2088,12
"560","2020-11","izard",998,2
"561","2020-11","jackson",1807,19
"562","2020-11","jefferson",5207,10
"563","2020-11","johnson",1274,5
"564","2020-11","lafayette",266,1
"565","2020-11","lawrence",1171,7
"566","2020-11","lee",1194,5
"567","2020-11","lincoln",2464,6
"568","2020-11","little_river",645,4
"569","2020-11","logan",960,4
"570","2020-11","lonoke",2735,36
"571","2020-11","madison",629,11
"572","2020-11","marion",442,4
"573","2020-11","miller",2158,11
"574","2020-11","mississippi",3225,38
"575","2020-11","monroe",309,2
"576","2020-11","montgomery",310,14
"577","2020-11","nevada",464,10
"578","2020-11","newton",444,2
"579","2020-11","ouachita",776,28
"580","2020-11","perry",260,6
"581","2020-11","phillips",957,11
"582","2020-11","pike",387,17
"583","2020-11","poinsett",1673,14
"584","2020-11","polk",816,27
"585","2020-11","pope",3730,17
"586","2020-11","prairie",360,1
"587","2020-11","pulaski",16905,172
"588","2020-11","randolph",989,13
"589","2020-11","saline",4889,64
"590","2020-11","scott",382,8
"591","2020-11","searcy",297,2
"592","2020-11","sebastian",7045,30
"593","2020-11","sevier",1715,8
"594","2020-11","sharp",701,8
"595","2020-11","st.francis",2058,8
"596","2020-11","stone",480,4
"597","2020-11","union",1568,28
"598","2020-11","van_buren",386,8
"599","2020-11","washington",15548,108
"600","2020-11","white",3050,32
"601","2020-11","woodruff",203,2
"602","2020-11","yell",1657,3
"603","2020-12","arkansas_county",1314,17
"604","2020-12","ashley",1273,23
"605","2020-12","baxter",2065,25
"606","2020-12","benton",17758,255
"607","2020-12","boone",2571,24
"608","2020-12","bradley",940,22
"609","2020-12","calhoun",234,7
"610","2020-12","carroll",2073,19
"611","2020-12","chicot",1410,12
"612","2020-12","clark",1371,18
"613","2020-12","clay",1317,11
"614","2020-12","cleburne",1236,28
"615","2020-12","cleveland",571,16
"616","2020-12","columbia",1567,15
"617","2020-12","conway",1306,17
"618","2020-12","craighead",10077,117
"619","2020-12","crawford",4451,49
"620","2020-12","crittenden",4319,26
"621","2020-12","cross",1394,17
"622","2020-12","dallas",482,6
"623","2020-12","desha",953,10
"624","2020-12","drew",1448,25
"625","2020-12","faulkner",7618,102
"626","2020-12","franklin",1088,9
"627","2020-12","fulton",884,20
"628","2020-12","garland",5782,43
"629","2020-12","grant",1071,15
"630","2020-12","greene",4431,33
"631","2020-12","hempstead",1220,5
"632","2020-12","hotspring",3636,21
"633","2020-12","howard",1106,9
"634","2020-12","independence",2751,27
"635","2020-12","izard",1298,27
"636","2020-12","jackson",2821,5
"637","2020-12","jefferson",6718,70
"638","2020-12","johnson",1823,6
"639","2020-12","lafayette",342,1
"640","2020-12","lawrence",1574,6
"641","2020-12","lee",1430,5
"642","2020-12","lincoln",2820,10
"643","2020-12","little_river",821,15
"644","2020-12","logan",1419,11
"645","2020-12","lonoke",4133,40
"646","2020-12","madison",1025,11
"647","2020-12","marion",629,9
"648","2020-12","miller",2749,16
"649","2020-12","mississippi",4393,28
"650","2020-12","monroe",475,8
"651","2020-12","montgomery",492,3
"652","2020-12","nevada",594,4
"653","2020-12","newton",553,2
"654","2020-12","ouachita",1370,25
"655","2020-12","perry",438,10
"656","2020-12","phillips",1264,8
"657","2020-12","pike",685,5
"658","2020-12","poinsett",2406,20
"659","2020-12","polk",1255,12
"660","2020-12","pope",5448,45
"661","2020-12","prairie",545,13
"662","2020-12","pulaski",24662,372
"663","2020-12","randolph",1455,15
"664","2020-12","saline",7563,69
"665","2020-12","scott",588,15
"666","2020-12","searcy",503,3
"667","2020-12","sebastian",9514,111
"668","2020-12","sevier",2079,16
"669","2020-12","sharp",1134,12
"670","2020-12","st.francis",2728,14
"671","2020-12","stone",765,4
"672","2020-12","union",2428,44
"673","2020-12","van_buren",743,4
"674","2020-12","washington",21420,312
"675","2020-12","white",4748,107
"676","2020-12","woodruff",362,22
"677","2020-12","yell",2390,27
"678","2021-01","arkansas_county",1774,4
"679","2021-01","ashley",1640,3
"680","2021-01","baxter",2635,6
"681","2021-01","benton",25105,80
"682","2021-01","boone",3334,5
"683","2021-01","bradley",1250,3
"684","2021-01","calhoun",346,2
"685","2021-01","carroll",2580,5
"686","2021-01","chicot",1551,1
"687","2021-01","clark",1837,6
"688","2021-01","clay",1564,2
"689","2021-01","cleburne",1761,8
"690","2021-01","cleveland",796,5
"691","2021-01","columbia",1930,4
"692","2021-01","conway",1983,9
"693","2021-01","craighead",12141,18
"694","2021-01","crawford",6196,33
"695","2021-01","crittenden",5360,2
"696","2021-01","cross",1819,1
"697","2021-01","dallas",668,4
"698","2021-01","desha",1206,2
"699","2021-01","drew",1864,6
"700","2021-01","faulkner",10624,28
"701","2021-01","franklin",1502,2
"702","2021-01","fulton",1024,1
"703","2021-01","garland",8370,16
"704","2021-01","grant",1386,3
"705","2021-01","greene",5498,16
"706","2021-01","hempstead",1632,4
"707","2021-01","hotspring",4399,17
"708","2021-01","howard",1352,4
"709","2021-01","independence",3454,3
"710","2021-01","izard",1557,2
"711","2021-01","jackson",3066,1
"712","2021-01","jefferson",8061,20
"713","2021-01","johnson",2505,17
"714","2021-01","lafayette",445,1
"715","2021-01","lawrence",1907,2
"716","2021-01","lee",1597,2
"717","2021-01","lincoln",3051,6
"718","2021-01","little_river",1036,5
"719","2021-01","logan",1974,9
"720","2021-01","lonoke",5963,24
"721","2021-01","madison",1340,7
"722","2021-01","marion",867,6
"723","2021-01","miller",3376,13
"724","2021-01","mississippi",5250,16
"725","2021-01","monroe",732,2
"726","2021-01","montgomery",654,1
"727","2021-01","nevada",717,6
"728","2021-01","newton",647,1
"729","2021-01","ouachita",1964,1
"730","2021-01","perry",678,1
"731","2021-01","phillips",1607,5
"732","2021-01","pike",877,2
"733","2021-01","poinsett",2927,1
"734","2021-01","polk",1656,4
"735","2021-01","pope",7188,21
"736","2021-01","prairie",790,5
"737","2021-01","pulaski",33841,217
"738","2021-01","randolph",1834,3
"739","2021-01","saline",10403,33
"740","2021-01","scott",869,2
"741","2021-01","searcy",615,4
"742","2021-01","sebastian",13555,38
"743","2021-01","sevier",2343,2
"744","2021-01","sharp",1445,8
"745","2021-01","st.francis",3315,5
"746","2021-01","stone",924,3
"747","2021-01","union",3331,4
"748","2021-01","van_buren",1117,5
"749","2021-01","washington",27660,40
"750","2021-01","white",6496,29
"751","2021-01","woodruff",552,7
"752","2021-01","yell",3048,11
"753","2021-02","arkansas_county",1993,13
"754","2021-02","ashley",1827,49
"755","2021-02","baxter",2891,63
"756","2021-02","benton",27243,100
"757","2021-02","boone",3638,2
"758","2021-02","bradley",1322,2
"759","2021-02","calhoun",398,6
"760","2021-02","carroll",2718,4
"761","2021-02","chicot",1587,2
"762","2021-02","clark",2036,2
"763","2021-02","clay",1693,13
"764","2021-02","cleburne",1885,11
"765","2021-02","cleveland",922,6
"766","2021-02","columbia",2259,107
"767","2021-02","conway",2145,1
"768","2021-02","craighead",12831,78
"769","2021-02","crawford",6781,25
"770","2021-02","crittenden",5754,79
"771","2021-02","cross",1900,2
"772","2021-02","dallas",736,11
"773","2021-02","desha",1332,3
"774","2021-02","drew",1953,1
"775","2021-02","faulkner",11767,67
"776","2021-02","franklin",1630,3
"777","2021-02","fulton",1076,2
"778","2021-02","garland",9726,70
"779","2021-02","grant",1580,18
"780","2021-02","greene",5894,85
"781","2021-02","hempstead",1924,85
"782","2021-02","hotspring",4848,2
"783","2021-02","howard",1579,44
"784","2021-02","independence",3663,4
"785","2021-02","izard",1653,1
"786","2021-02","jackson",3172,37
"787","2021-02","jefferson",8611,13
"788","2021-02","johnson",2755,14
"789","2021-02","lafayette",534,31
"790","2021-02","lawrence",2047,36
"791","2021-02","lee",1642,1
"792","2021-02","lincoln",3156,3
"793","2021-02","little_river",1171,36
"794","2021-02","logan",2175,2
"795","2021-02","lonoke",6802,19
"796","2021-02","madison",1405,3
"797","2021-02","marion",961,18
"798","2021-02","miller",4027,222
"799","2021-02","mississippi",5671,110
"800","2021-02","monroe",828,2
"801","2021-02","montgomery",729,1
"802","2021-02","nevada",792,9
"803","2021-02","newton",693,4
"804","2021-02","ouachita",2217,63
"805","2021-02","perry",806,4
"806","2021-02","phillips",1701,5
"807","2021-02","pike",975,3
"808","2021-02","poinsett",3077,11
"809","2021-02","polk",1892,14
"810","2021-02","pope",7737,14
"811","2021-02","prairie",872,6
"812","2021-02","pulaski",37387,264
"813","2021-02","randolph",2010,64
"814","2021-02","saline",11427,41
"815","2021-02","scott",927,1
"816","2021-02","searcy",662,11
"817","2021-02","sebastian",14583,28
"818","2021-02","sevier",2706,79
"819","2021-02","sharp",1522,1
"820","2021-02","st.francis",3442,6
"821","2021-02","stone",964,6
"822","2021-02","union",3708,46
"823","2021-02","van_buren",1194,26
"824","2021-02","washington",29386,50
"825","2021-02","white",7567,433
"826","2021-02","woodruff",623,6
"827","2021-02","yell",3355,5
"828","2021-03","arkansas_county",2076,4
"829","2021-03","ashley",1901,1
"830","2021-03","baxter",3070,3
"831","2021-03","benton",28151,32
"832","2021-03","boone",3742,2
"833","2021-03","bradley",1356,1
"834","2021-03","calhoun",409,1
"835","2021-03","carroll",2749,1
"836","2021-03","chicot",1610,1
"837","2021-03","clark",2081,3
"838","2021-03","clay",1723,1
"839","2021-03","cleburne",1945,2
"840","2021-03","cleveland",938,2
"841","2021-03","columbia",2321,2
"842","2021-03","conway",2189,2
"843","2021-03","craighead",13081,5
"844","2021-03","crawford",6978,2
"845","2021-03","crittenden",5869,8
"846","2021-03","cross",1919,2
"847","2021-03","dallas",756,2
"848","2021-03","desha",1357,2
"849","2021-03","drew",1984,3
"850","2021-03","faulkner",12195,13
"851","2021-03","franklin",1676,1
"852","2021-03","fulton",1100,1
"853","2021-03","garland",10030,3
"854","2021-03","grant",1635,3
"855","2021-03","greene",6009,6
"856","2021-03","hempstead",1980,2
"857","2021-03","hotspring",4998,8
"858","2021-03","howard",1641,1
"859","2021-03","independence",3715,5
"860","2021-03","izard",1660,2
"861","2021-03","jackson",3207,3
"862","2021-03","jefferson",8742,7
"863","2021-03","johnson",2879,1
"864","2021-03","lafayette",541,1
"865","2021-03","lawrence",2069,4
"866","2021-03","lee",1656,1
"867","2021-03","lincoln",3178,1
"868","2021-03","little_river",1222,5
"869","2021-03","logan",2206,1
"870","2021-03","lonoke",7049,2
"871","2021-03","madison",1436,3
"872","2021-03","marion",1032,1
"873","2021-03","miller",4212,4
"874","2021-03","mississippi",5747,3
"875","2021-03","monroe",862,3
"876","2021-03","montgomery",750,3
"877","2021-03","nevada",817,2
"878","2021-03","newton",707,1
"879","2021-03","ouachita",2291,5
"880","2021-03","perry",824,3
"881","2021-03","phillips",1737,2
"882","2021-03","pike",997,3
"883","2021-03","poinsett",3114,1
"884","2021-03","polk",1961,2
"885","2021-03","pope",7860,6
"886","2021-03","prairie",887,1
"887","2021-03","pulaski",38317,28
"888","2021-03","randolph",2061,8
"889","2021-03","saline",11724,8
"890","2021-03","scott",928,1
"891","2021-03","searcy",671,3
"892","2021-03","sebastian",15036,13
"893","2021-03","sevier",2778,3
"894","2021-03","sharp",1550,1
"895","2021-03","st.francis",3513,1
"896","2021-03","stone",982,2
"897","2021-03","union",3938,2
"898","2021-03","van_buren",1245,5
"899","2021-03","washington",30202,16
"900","2021-03","white",7799,6
"901","2021-03","woodruff",633,3
"902","2021-03","yell",3406,1
"903","2021-04","arkansas_county",2086,1
"904","2021-04","ashley",1917,3
"905","2021-04","baxter",3103,4
"906","2021-04","benton",28398,16
"907","2021-04","boone",3760,2
"908","2021-04","bradley",1357,1
"909","2021-04","calhoun",409,0
"910","2021-04","carroll",2764,2
"911","2021-04","chicot",1610,0
"912","2021-04","clark",2094,1
"913","2021-04","clay",1729,1
"914","2021-04","cleburne",1951,1
"915","2021-04","cleveland",944,1
"916","2021-04","columbia",2333,1
"917","2021-04","conway",2200,3
"918","2021-04","craighead",13169,11
"919","2021-04","crawford",7008,3
"920","2021-04","crittenden",5922,5
"921","2021-04","cross",1934,1
"922","2021-04","dallas",757,1
"923","2021-04","desha",1361,1
"924","2021-04","drew",1989,1
"925","2021-04","faulkner",12305,15
"926","2021-04","franklin",1681,1
"927","2021-04","fulton",1104,3
"928","2021-04","garland",10062,3
"929","2021-04","grant",1637,1
"930","2021-04","greene",6048,4
"931","2021-04","hempstead",1985,1
"932","2021-04","hotspring",5033,6
"933","2021-04","howard",1644,2
"934","2021-04","independence",3733,3
"935","2021-04","izard",1666,3
"936","2021-04","jackson",3211,4
"937","2021-04","jefferson",8779,9
"938","2021-04","johnson",2893,1
"939","2021-04","lafayette",545,1
"940","2021-04","lawrence",2075,2
"941","2021-04","lee",1660,1
"942","2021-04","lincoln",3188,1
"943","2021-04","little_river",1224,2
"944","2021-04","logan",2208,1
"945","2021-04","lonoke",7119,8
"946","2021-04","madison",1442,1
"947","2021-04","marion",1040,1
"948","2021-04","miller",4229,1
"949","2021-04","mississippi",5779,2
"950","2021-04","monroe",863,1
"951","2021-04","montgomery",752,1
"952","2021-04","nevada",818,1
"953","2021-04","newton",708,1
"954","2021-04","ouachita",2295,1
"955","2021-04","perry",832,1
"956","2021-04","phillips",1759,5
"957","2021-04","pike",1002,1
"958","2021-04","poinsett",3130,4
"959","2021-04","polk",1966,1
"960","2021-04","pope",7910,8
"961","2021-04","prairie",888,1
"962","2021-04","pulaski",38588,29
"963","2021-04","randolph",2072,2
"964","2021-04","saline",11762,4
"965","2021-04","scott",928,2
"966","2021-04","searcy",676,2
"967","2021-04","sebastian",15109,14
"968","2021-04","sevier",2783,2
"969","2021-04","sharp",1560,2
"970","2021-04","st.francis",3546,3
"971","2021-04","stone",984,1
"972","2021-04","union",3961,2
"973","2021-04","van_buren",1281,7
"974","2021-04","washington",30457,42
"975","2021-04","white",7872,2
"976","2021-04","woodruff",642,1
"977","2021-04","yell",3412,2
